https://www.un.org/press/en/2017/sgsm18469.doc,2
http://events.doc,2
http://rapidshare.com/files/409650616/tarteletas__de__frutas.doc,1
http://cid-99407e1372d7eee1.office.live.com/self.aspx/livros%20mission%c3%a1rios/livros%20mission%c3%a1rios/o%20poder%20da%20crian%c3%a7a%20que%20ora%20-%20stormie%20omartian.doc,1
http://www.esnips.com/doc/314c36e4-96c9-44c7-9d42-e24c366f8245/billy-graham---a-segunda-vinda-de-cristo.doc,1
https://barapplication.sccourts.org/documents/rule424application.doc,1
http://search.smt.docomo.ne.jp/cl/clcount?ver=1&mt=local_rec&nl=http%3a%2f%2flocal.smt.doc,10
https://forms.doc,1
http://www.twu.edu/twunews/press_releases/spr%20'04%20deans%20list.doc,2
http://ad.doc,1
http://recherche.doc,1
http://rapidshare.com/files/368975860/galletas.doc,1
http://cid-99407e1372d7eee1.office.live.com/self.aspx/livros%20mission%c3%a1rios/livros%20mission%c3%a1rios/a%20comunica%c3%a7%c3%a3o%20globalizada%20e%20o%20perfil%20do%20mission%c3%a1rio.doc,1
http://moderation.doc,1
http://rapidshare.com/files/409643697/cintas_de_espinaca.doc,1
https://play.google.com/store/apps/details?id=com.google.android.apps.doc,3
https://currikicdn.s3-us-west-2.amazonaws.com/resourcefiles/54d29a64d9e7b.doc,3
http:\/\/blacksea-cbc.net\/wp-content\/uploads\/2017\/03\/bsb-project-preparation-events_agenda-georgia-07.03.2017.doc,1
http://hand-help.ru/documents/gladishev.vedischev.sudebnaya.expertiza.doc,1
http://hand-help.ru/documents/mvd_19.06.2012_n608.doc,1
http://hand-help.ru/documents/kakoshkina_vs_rf.doc,1
http://hand-help.ru/documents/proizvodnii_versiya_zakluchenie_875_05.09.2013.doc,1
http://akitakomachi.net/bridal/faxorder.doc,1
https://www.facebook.com/plugins/like.php?href=http%3a%2f%2fwww.doc,1
http://rapidshare.com/files/409644360/masa_para_tallarines.doc,1
http://cid-99407e1372d7eee1.office.live.com/self.aspx/livros%20mission%c3%a1rios/livros%20mission%c3%a1rios/muculmanos%5e_que%5e_encontraram%5e_a%5e_cristo.doc,1
http://www.caaflog.com/wp-content/uploads/ucmj.doc,1
http://www.ziddu.com/download/7659996/walimatulpuputbaru.doc,1
http://www.esnips.com/doc/15feb461-03f7-46dc-805b-b6d0e3c6572b/philip-yancey---a-imagem-e-semelhanca-de-deus.doc,1
http://www.uva.es/export/sites/uva/2.doc,2
http://hand-help.ru/documents/vs-obzor-2015-4.doc,1
http://hand-help.ru/documents/vs_ujakov.doc,1
http://secretentertainmenttoday.blogspot.de/2014/12/theatredoc-found-new-premises-it-is.html'>&#8220;theatre.doc,1
http://cid-99407e1372d7eee1.office.live.com/self.aspx/livros%20mission%c3%a1rios/livros%20mission%c3%a1rios/levando%5e_cristo%5e_ao%5e_mundo%5e_muculmano.doc,1
https://add.my.yahoo.com/content?url=http%3a%2f%2fwww.doc,2
http://diaporamas.doc,1
https://twitter.com/intent/tweet?url=http%3a%2f%2fwww.doc,4
"https://www.google-analytics.com/ga.js\")})(this,this.doc",6
http://static.afcdn.com/relde/concat.js?component/seealsovideo/seealsovideo.js=vendor/auf/global_desktop.js=vendor/auf/global_common.js=vendor/jquery/jquery.doc,2
https://static.doc,1
https://play.google.com/store/apps/details?id=com.newsintimeandspace.doc,1
http://www.poweringnews.com/feed-landing.aspx?feedurl=http%3a//www.doc,1
https://burtgel.gov.mn//v2/images/document/zaawar_jagsaalt/gkhetg-2.doc,1
http://rapidshare.com/files/413011998/receta_de_arroz_integral_con_leche_de_avena.doc,1
"http://an.yandex.ru/system/context.js\";s.setattribute(\"async\",\"true\");t.insertbefore(s,t.firstchild);})(window,document,\"yandex_context_callbacks\");}if(h1>2900){(function(w,d,n,s,t){if(document.getelementbyid(\"yaad_rightbottom\")!=null){w[n]=w[n]||[];w[n].push(function(){ya.context.advmanager.render({blockid:\"r-7024-3\",renderto:\"yaad_rightbottom\",horizontalalign:true,async:true});});t=d.getelementsbytagname(\"script\")[0];s=d.createelement(\"script\");s.type=\"text/javascript\";s.src=\"http://an.yandex.ru/system/context.js\";s.async=true;t.parentnode.insertbefore(s,t);}})(this,this.doc",1
http://www.esnips.com/doc/a1bc0d40-dc52-41f4-bc9c-3e23263826c2/jorge-linhares---quem-eh-voce---aguia-ou-galinha.doc,1
http://www.esnips.com/doc/8cdf9fd8-466f-4814-83a6-ed166a5658a2/marcio-valadao---arrependimento-traz-bencao.doc,1
"https://wiki.documentfoundation.org/index.php?title=user:tomthorogood&amp;oldid=45536\">https://wiki.doc",1
https://evnt.iol.it/v1?';this._desturl=false;this._target=window;this.override_ref_host=false;this.override_ref_path=false;this.doc,2
http://tickers.doc,90
https://www.jpshealthnet.org/sites/default/files/edgc_data_request_form_083116.doc,1
"http://an.yandex.ru/system/context.js\";s.setattribute(\"async\",\"true\");t.insertbefore(s,t.firstchild);})(window,document,\"yandex_context_callbacks\");if((document.getelementbyid(\"sadivcalcmain\")!=null)&&(document.getelementbyid(\"sacalculationh1\")!=null)){if(document.getelementbyid(\"sacalculationh1\").clientheight>200+document.getelementbyid(\"sadivcalcmain\").clientheight){if((window.innerwidth>1116)||(document.body.clientwidth>1116)||(document.documentelement.clientwidth>1116)){document.getelementbyid(\"adbottomcenteralternative\").style.width=\"728px\";(function(w,d,n,s,t){if(document.getelementbyid(\"adbottomcenteralternative\")!=null){w[n]=w[n]||[];w[n].push(function(){ya.context.advmanager.render({blockid:\"r-7024-2\",renderto:\"adbottomcenteralternative\",horizontalalign:true,async:true});});t=d.getelementsbytagname(\"script\")[0];s=d.createelement(\"script\");s.type=\"text/javascript\";s.src=\"http://an.yandex.ru/system/context.js\";s.async=true;t.parentnode.insertbefore(s,t);}})(this,this.document,\"yandexcontextasynccallbacks\");}}}(function(w,d,n,s,t){if(document.getelementbyid(\"yaad_righttop\")!=null){w[n]=w[n]||[];w[n].push(function(){ya.context.advmanager.render({blockid:\"r-7024-1\",renderto:\"yaad_righttop\",horizontalalign:true,async:true});});t=d.getelementsbytagname(\"script\")[0];s=d.createelement(\"script\");s.type=\"text/javascript\";s.src=\"http://an.yandex.ru/system/context.js\";s.async=true;t.parentnode.insertbefore(s,t);}})(this,this.doc",1
http://watson.brown.edu/files/watson/imce/people/faculty/kennedy/vitae1016oldstyle.doc,1
"http://cnt2.pocitadlo.cz/counter.php?poc=90174&amp;ref=\"+escape(top.doc",1
http://www.esnips.com/doc/11de3b3d-5a2c-4c2d-83ca-8512ffcb1a41/billy-graham---o-poder-do-espirito-santo.doc,1
http://recettes.doc,1
http://www.turansam.org/kars_il_baskani_muhsin_agcay_ve_yrd.doc,2
http://naasindia.org/documents/nomination%20form%20for%20fellowship%202018.doc,1
http://competitions.doc,3
http://www.ziddu.com/download/5626741/undangan7bulanan.doc,1
https://login.live.com/login.srf?wa=wsignin1.0&amp;rpsnv=13&amp;ct=1490223178&amp;rver=6.7.6640.0&amp;wp=mcmbi&amp;wlcxt=msdn%24msdn%24msdn&amp;wreply=https%3a%2f%2fmsdn.microsoft.com%2fen-us%2flibrary%2fsystem.windows.controls.webbrowser.doc,1
http://recherche.doctissimo.fr;icon-uri=http://medias.doc,1
http://hand-help.ru/documents/amnistiya2015.doc,2
http://cdn.doc,40
www-blogger-opensocial.googleusercontent.com/gadgets/ifr?url=http://hosting.gmodules.com/ig/gadgets/file/113409674523401708276/rssmedia.xml&amp;container=blogger&amp;view=default&amp;lang=en&amp;country=gb&amp;sanitize=0&amp;v=c6076b490b5bcee5&amp;libs=core:dynamic-height&amp;parent=www.doc,1
http://www.chessdevon.org.uk/plymouthrapidplay.doc,1
http://twitter.com/share?url=http%3a%2f%2fwww.doc,1
http://hand-help.ru/documents/prv_likvidaciya_fskn_05.04.2015.doc,1
"http://www.vconnect.com/{{=it.docs[i].businessurl}}\">{{=it.doc",1
http://www.esnips.com/doc/d07b8c58-7e6c-4d6a-885c-83f56cbe1d30/rebecca-brown---ele-veio-para-libertar-os-cativos.rev.doc,1
http://j.doc,2
http://www.med.unc.edu/bhomc/files/background-documents/plaguebibliography.doc,1
http://eastisles.org/content/minutes/eira_minutes_january_2010.doc,1
http://www.mediafire.com/file/nmeyt0jbjtn/basic%20vinyl%20information.doc,1
http://www.doctorwhobbc.com/wp-json/oembed/1.0/embed?url=http%3a%2f%2fwww.doc,2
"http://www.docstoc.com/search/dr.%20shanker%20adawal\">http://www.doc",1
http://adserver.doc,2
https://moncompte.doc,2
http://www.doctorulzilei.ro/wp-json/oembed/1.0/embed?url=http%3a%2f%2fwww.doc,2
http://academy.doc,1
https://nl.sitestat.com/klo/vpro/s?npodoc.doc,2
http://rapidshare.com/files/409644631/masas_para_tarta.doc,1
http://planet.doc,4
https://piwik.doc,1
http://rapidshare.com/files/409645598/pizza.doc,1
http://hand-help.ru/documents/avilkina_and_others_v_russia_06_06_2013.doc,1
http://images.doc,66
"http://www.hvim.hu/tanulm,cikk/sd_kapu1.doc",1
http://hand-help.ru/documents/vs_konovalov.doc,1
http://www.ziddu.com/download/7660026/undangantasyakuranhaji.doc,1
http://rapidshare.com/files/409645773/postre_de_manzana.doc,1
http://secretentertainmenttoday.blogspot.de/2014/12/theatredoc-was-released-on-saturday.html'>&#8220;theatre.doc,1
http://content.medsovet.info/files2/about/anketa_apteka.doc,1
http://www.tra.gov.lb/library/files/uploaded%20files/trapressreleases/20110622%20press%20release%20english-tra%20senior%20experts%20expose%20dangers%20that%20children%20face%20online%20and%20in%20cyber%20cafes%20at%20unesco%20palace.doc,1
http://hand-help.ru/documents/vs_rf_24.03.2010_soderjanie_pod_strejei.doc,1
http://eastisles.org/eira/wp-content/uploads/2016/06/march-8-2016.doc,1
http://forum.doc,63
http://naasindia.org/documents/nomination%20form%20for%20associateship%202018.doc,1
https://pinterest.com/pin/create/button/?url=http%3a%2f%2fwww.doc,4
http:\/\/blacksea-cbc.net\/wp-content\/uploads\/2016\/10\/bsb-tesim-pf-particpant-agenda-24-november-2016.doc,1
http://assets1.doc,1
https://www.facebook.com/sharer/sharer.php?u=http://www.doc,7
http://hand-help.ru/documents/hodataistvo_st.69yk.doc,1
http://hand-help.ru/documents/402468-5_ypk_peresmotr.doc,1
http://hand-help.ru/documents/fz_2015_hiv.doc,1
https://www.facebook.com/dialog/feed?app_id=115325933280&link=http%3a%2f%2fwww.docsalud.com%2farticulo%2f7919%2fusar-el-gps-para-orientarse-apaga-zonas-del-cerebro&name=aseguran+que+el+gps+%22apaga%22+zonas+del+cerebro&caption=sociedad&description=utilizar+el+gps+para+conseguir+llegar+a+un+destino+apaga+zonas++del+cerebro+que%2c+de+no+valerse+de+este+sistema+de+navegador+por+sat%c3%a9lite.&redirect_uri=http%3a%2f%2fwww.doc,2
http://cid-99407e1372d7eee1.office.live.com/self.aspx/livros%20mission%c3%a1rios/livros%20mission%c3%a1rios/o%20isl%c3%a3%20sem%20v%c3%a9u%20-%20ergun%20mehmet%20caner%20e%20emir%20fethi%20caner.doc,1
http://twitter.com/share?url=http://www.doc,2
"https://clients5.google.com\",1,0,0,[[\"application/vnd.google-apps.document\",[[\"https://docs.google.com/document/d/{docid}/export?format\\u003ddocx\\u0026authuser\\u003d\",\"application/vnd.openxmlformats-officedocument.wordprocessingml.doc",1
http://secretentertainmenttoday.blogspot.de/2014/12/theatredoc-got-new-location-bfmru.html'>&#8220;theatre.doc,1
http://cid-99407e1372d7eee1.office.live.com/self.aspx/livros%20mission%c3%a1rios/livros%20mission%c3%a1rios/miss%c3%b5es%20na%20b%c3%adblia%20-%20princ%c3%adpios%20gerais%20-%20c.%20tim%c3%b3teo%20carriker.doc,1
http://hand-help.ru/documents/echr_case_of_polyakov_v._russia.doc,1
http://hand-help.ru/documents/sovetskii-sud-6.13-koap.doc,1
http://www.wakeparkworlds.com/web/wp-content/uploads/2011/11/2011-wake-park-worlds-registration-form_v2.doc,2
http://ieor.columbia.edu/files/seasieor/industrial-engineering-operations-research/pdf-files/msie_program_plan.doc,1
"http://www.docsinprogress.org\">http://www.doc",1
http://hand-help.ru/documents/vs_shklyaev_2015.doc,1
http://hand-help.ru/documents/v.p.lukin_o_proekte_fz_157425-6.doc,1
http://pics.tdiclub.com/data/517/2068extending_range_of_remote_antenna_by_splicing_longer_wire.doc,1
http://hand-help.ru/documents/vs_slastenin.doc,1
http://hand-help.ru/documents/kuz'minih_k.s._analogi_obraschenie_v_ks_i_echr.doc,1
http://hand-help.ru/documents/pprf_14.01.2011_n3_o_medosvid_v_sizo.doc,1
http://hand-help.ru/documents/fz-provilaktika-pravonaryshenii.doc,1
http://rapidshare.com/files/409695033/bizcocho_de_manzana_sin_huevos.doc,1
http://hand-help.ru/documents/proekt_pojiznennoe.doc,1
http://www.ziddu.com/download/5626481/undanganrumah.doc,1
http://www.esnips.com/doc/c8b758c7-8a5a-4fea-ae5c-74e999e638e2/kenneth-hagin-jr.---%20voando-como-as-aguias.rev.doc,1
"https://g2.gumgum.com/javascripts/ggv2.js\",d=top,e=\"script\",f=d.doc",11
"http://hand-help.ru/documents/drugs,addictology,corruption_interview_lev_levinson.doc",1
http://hand-help.ru/documents/402468-5_poyasnitelnaya.doc,1
http://www.med.unc.edu/bhomc/files/background-documents/cjgbibliography.doc,1
http://staticieeexplore.ieee.org/assets/dist/ng/xpl.doc,2
http://hand-help.ru/documents/vs_flegontov.doc,1
https://dl.dropboxusercontent.com/u/5493666/elearningcyclops/elearningcharacterchart_elearningcyclops.doc,1
http://eastisles.org/content/minutes/eira_minutes_march_02_2010.doc,1
http://hand-help.ru/documents/ks_04.06.2013_902-o_vic.doc,1
http://hand-help.ru/documents/v.p.lukinu_o_1002.doc,1
http://hand-help.ru/documents/vs_shadrin.doc,1
https://www.britishcycling.org.uk/zuvvi/media/articles/welsh_cycling/2013awards/welsh_cycling_awards_2013_-_nomination_form.doc,1
http://cid-99407e1372d7eee1.office.live.com/self.aspx/livros%20mission%c3%a1rios/livros%20mission%c3%a1rios/a%20ora%c3%a7%c3%a3o%20de%20jabez%20para%20mulheres%20-%20darlene%20wilkinson.doc,1
http://hand-help.ru/documents/dostatochno_dvuh_tabletok_o.moskvin.doc,1
http://hand-help.ru/documents/osnovi_zdorovji_2011.doc,1
http://rapidshare.com/files/413011465/tortilla_de_espinacas.doc,1
http://rapidshare.com/files/409644888/__oquis_de_papa.doc,1
http://adx.adrenaline.cz/adrun.dll?action=3&id='+adid_adspot+'&ref='+escape(top.doc,1
http://hand-help.ru/documents/vs_alenuhin.doc,1
http://cid-99407e1372d7eee1.office.live.com/self.aspx/livros%20mission%c3%a1rios/livros%20mission%c3%a1rios/b%c3%adblia%20acf%20-%20palavras%20de%20jesus%20em%20vermelho.doc,1
http://www.galewice.pl/asp/pliki/download/oswiadczenie.doc,1
http:\/\/blacksea-cbc.net\/wp-content\/uploads\/2017\/03\/agenda-project-preparation-workshop-varna-19-april-2017.doc,1
http://secretentertainmenttoday.blogspot.de/2014/12/theatredoc-new-life-in-new-year-radio.html'>theatre.doc,1
http://hand-help.ru/documents/post_prav_licenzirovanie_oborota_prekyrsorov.doc,1
"http://bp.specificclick.net?pixid=99000001&u=\"+escape(parent.document.location)+\"&r=\"+escape(parent.doc",3
http://img.doc,1
"http://cnt1.pocitadlo.cz/counter.php?poc=5475&ref=\"+escape(top.doc",1
http://eastisles.org/eira/wp-content/uploads/2016/06/june-14-2016.doc,1
"www.google-analytics.com/collect?v=1&t=pageview&dp=%2fsport%2ffriidrott%2f&tid=ua-86376213-1&cid=1236796713.1477984956&cd71=1&cd5=mobile%20web&cd6=etta&cd7=0ba2904a-3e96-0cd0-865e-64a026218c72&cd8=sport%3afriidrott%3aetta&cd26=0&cd42=standard-section&cd48=0&cd50=22%3a38&cd51=sport&cg1=sport&cd52=friidrott&cg2=friidrott&cg5=etta&cd56=1&cd60=friidrott%20-%20nyheter%20om%20turneringar%20och%20tavlingar&cd72=expressen\"},{\"name\":\"facebook\",\"type\":\"img\",\"src\":\"//www.facebook.com/tr?id=810947455647573&ev=pixelinitialized\"},{\"name\":\"sifo\",\"type\":\"img\",\"src\":\"//bh.mobiletech.no/sifo/img?cpid=3501&cat=sport&name=friidrott&type=page\"}],\"isqualityassured\":true,\"type\":\"tracking-info\",\"self\":\"http://production.ursula-vip.service.consul.xpr.dex.nu/tracking-info/standard-section/0ba2904a-3e96-0cd0-865e-64a026218c72\",\"cachekey\":\"http://production.ursula-vip.service.consul.xpr.dex.nu/tracking-info/standard-section/0ba2904a-3e96-0cd0-865e-64a026218c72\"};(function(d){d.classname=d.classname.replace(/no-js/,'js')})(document.doc",1
http://hand-help.ru/documents/minzdrav_30.12.2015_narkouchet.doc,1
http://www.membranetraining.ualberta.ca/en/~/media/membranetraining/forms/marketing_session_nov_22_2016.doc,1
"https://www.kaggle.io/svf/3638/e0260c30c9334437b61118db97682b24/rplot001.png\",\"fullpath\":null,\"filetype\":\".png\",\"filepreviewurl\":\"/kernels/preview.json/3638/e0260c30-c933-4437-b611-18db97682b24/rplot001.png\",\"csvheadervalidationerrors\":\"\",\"size\":27090,\"description\":null}],\"downloadallfilesurl\":\"/kernels/svzip/3638\",\"runinfo\":{\"isvalidstatus\":true,\"failuremessage\":\"\",\"exitcode\":0,\"succeeded\":true,\"dockerimagename\":\"kaggle/r\",\"dockerfileurl\":\"https://github.com/kaggle/docker-r/blob/master/dockerfile\",\"dockerhuburl\":\"https://registry.hub.doc",1
http:\/\/blacksea-cbc.net\/wp-content\/uploads\/2017\/03\/agenda-project-preparation-workshop-xhanti-11-april-2017.doc,1
http:\/\/blacksea-cbc.net\/wp-content\/uploads\/2017\/03\/bsb_project_preparation_registration_form_zaporizhyaua.doc,1
http://groupe.doc,1
http://2.bp.blogspot.com/-pmtdgxn1fx0/vxuso1h946i/aaaaaaaamhm/ebxepnzeo0gd7qzjym2zs0esmcqw_8ioqck4b/s1600-r/la%2bgorra%2bde%2bmontehermoso.doc,1
https://om77.net/holyquran.doc,1
https://www.msu.edu/user/petersj/personal%20information%20with%20cover.doc,2
http://cid-99407e1372d7eee1.office.live.com/self.aspx/livros%20mission%c3%a1rios/livros%20mission%c3%a1rios/depress%c3%a3o%20espiritual%20-%20d.%20m.%20lloyd-jones.doc,1
http://h.waudit.cz/h.php?id=21878&amp;ty=b_31&amp;js=1&amp;x='+screen.width+'&amp;y='+screen.height+'&amp;bit='+screen.colordepth+'&amp;wx=0&amp;wy=0&amp;url='+escape(document.location)+'&amp;ref='+escape(top.doc,1
http://www.twu.edu/twunews/graduation/09springgrad.doc,2
"http://www.documentfoundation.org/\">http://www.doc",1
http://ieor.columbia.edu/files/seasieor/industrial-engineering-operations-research/pdf-files/phd_program_plan.doc,2
http://local.smt.doc,15
http://wipfandstock.com/media/wysiwyg/proposal_form_2016.doc,2
"www.ingenieriaindustrialonline.com\",\"stackcount\":0,\"stackcountpublic\":0,\"documentcount\":21,\"subscribercount\":74,\"subscriptioncount\":0,\"likeddocumentcount\":0,\"clippingcount\":0,\"stacksubscriptioncount\":1}},\"/query|actionissuu.doc",1
http:\/\/blacksea-cbc.net\/wp-content\/uploads\/2017\/02\/bsb-project-preparation-registration-form-georgia.doc,1
https://barapplication.sccourts.org/documents/rule415application.doc,1
http://hand-help.ru/documents/vs_malahov.doc,1
http://www.esnips.com/doc/0ee26643-d5c7-467f-97c4-ebd307183741/marcio-valadao---sx.-bencao-ou-maldicao.doc,1
http://rapidshare.com/files/368972702/croquetas_de_espinaca_y_mijo.doc,1
http://hand-help.ru/documents/silnodeist_zakonodatelstvo.doc,1
"http:\")?\"http://\"+u[0]:\"https://\"+u[1];(function(f,d,a,b){b=top.doc",3
http://eastisles.org/content/minutes/eira_minutes_6-1-2010.doc,1
https://burtgel.gov.mn//v2/images/document/zaawar_jagsaalt/tbb_u_bsh.doc,1
http://rapidshare.com/files/409651048/tortilla_de_calabac__n.doc,1
http://hand-help.ru/documents/ks_16.07.2015_n22-p_st.226.1yk.doc,1
"http://www.latimes.com/deeplinkid/45916248\"><script>i$={plugins:{},cache:{window:{innerheight:window.innerheight,innerwidth:window.innerwidth},document:{documentelement:{clientwidth:document.doc",1
http://www.doctoralia.fr/medecin/pelerein+brigitte-12205187'>http://www.doc,1
"http:\"===wa.location.protocol?\"http:\":\"https:\";this.da=\"pagead2.googlesyndication.com\";this.ma=\"/pagead/gen_204?id=\";this.ba=.01;this.qa=math.random()};if(\"complete\"==g.doc",2
http://hand-help.ru/documents/echr_case_of_nazarov_v._russia.doc,1
http://rapidshare.com/files/368970414/arroz__con_salsa_de_calabaza.doc,1
http://rapidshare.com/files/369004096/receta_de_pastel_liviano_para_la_merienda_sin_gluten.doc,1
http://hand-help.ru/documents/post_prav_30.06.2010_n486.doc,1
http://hand-help.ru/documents/400689-5_poyasnit_zapiska.doc,1
http://hand-help.ru/documents/fz_osvidetelstvovanie_2015.doc,1
https://ds01.infourok.ru/uploads/doc/05dc/00001963-9412e589.doc,1
http://www.esnips.com/doc/c12304a6-ed9d-4236-b142-0a369f1562b5/billy-graham---mundo-em-chamas.doc,1
http://www.esnips.com/doc/a72a9bb6-2104-4aa1-8f5f-ebc4f251a671/watchman-nee---o-evangelho-de-deus.doc,1
"https://github.com/kaggle/docker-r/blob/master/dockerfile\",\"dockerhuburl\":\"https://registry.hub.doc",4
https://www.medicaid.state.ar.us/download/provider/codes/carriers.doc,2
"http://nakanohito.jp/an/?u=201983&h=894754&w=48&guid=on&t=&version=js&refer=\"+escape(parent.document.referrer)+\"&url=\"+escape(parent.doc",1
http://hand-help.ru/documents/vs_mudrevskii.doc,1
http://toplist.cz/dot.asp?id=186565&http='+escape(top.doc,1
http:\/\/www.doc,2
http://www.esnips.com/doc/8d0b385d-8a4f-4b56-8a31-9c720ea17342/mary-k.-baxter---a-divina-revelacao-do-ceu.rev.doc,1
http://proteacher.ru/2015/01/05/ryby_urok_tehnologii_1420477254_82914.doc,4
http://ranking1.fc2.com/link/ref.php?766174&'+top.doc,1
http://www.facebook.com/share.php?u=http%3a%2f%2fwww.doc,1
"https:\"===doc.location.protocol?\"https://\":\"http://\")+\"stats.g.doubleclick.net/dc.js\";ga.setattribute(\"async\",\"true\");doc.doc",1
http://hand-help.ru/documents/fz_administrativnii_nadzor.doc,1
http://www.bis.doc,3
http://hand-help.ru/documents/sizes_of_drugs_2013.doc,1
http://www.esnips.com/doc/6079b84c-8f1c-409d-8f09-6503f401adeb/marco-feliciano---chamada-de-fogo.doc,1
http://eastisles.org/content/minutes/eira_minutes_feb_2010.doc,1
http://cid-99407e1372d7eee1.office.live.com/self.aspx/livros%20mission%c3%a1rios/livros%20mission%c3%a1rios/20%20raz%c3%b5es%20porque%20n%c3%a3o%20sou%20testemunha%20de%20jeov%c3%a1%20-%20amilto%20justus.doc,1
https:'?'https://adserver.doccheck.com/www/delivery/ajs.php':'http://adserver.doc,1
http://www.esnips.com/doc/b788d2fb-dcee-4fde-871c-c36419ec9b7f/billy-graham---como-nascer-de-novo.doc,1
http://sites.google.com/site/yannisvelikis/projects-articles/%ce%a8%ce%a5%ce%a7%ce%9f%ce%9b%ce%9f%ce%93%ce%99%ce%91%ce%9a%ce%91%ce%99%ce%9a%ce%91%ce%a1%ce%9a%ce%99%ce%9d%ce%9f%ce%a3.doc,1
"http://files.rostender.info/?t=aff0adc378e49a1fa044dd2a8bb874baeb602fff93678743b3495ef44b28aee1e888f517b378ba6a04ccb949a999528fa1473a6eeb9ccba0cb122b0f64ad987587bcbbe06503cad1eb4758ab27b6dcaf069e9e8b31839505ba10169a04f28b6201fe2d35fc6d7036bf737cccebc8a48ee4ca791f62d13bc70a29fcb14afa523ac8597d61c1684a11cdb8b400073d0283de014c05f4121c8e791b98f763d6c9061ccf40754cd34c3a49ee5dd9c378ada081bcfd8a5c960a5cd97080c49e6513a9b38e2b572c22471130e05c316666fa009916513ed168a044d13a98c29a3abe130880de124c919d4335a5da3c2884350059363a09a7cec7f45797fd300158a6035009add440bb51e6a9f2b532aeeca0f21ced87cc6126566ca14fc47f7a557cf3a3f1e90154230a0b31632ab3699b4f1aca472155a35f2bbe\"><span><strong>tender-44fz-notification-15537909.doc",1
http://toplist.cz/count.asp?id=690820&amp;logo=mc&amp;http='+escape(top.doc,1
https://www.un.org/press/en/2017/sea2048.doc,2
http://rapidshare.com/files/409655712/espuma_de_manzana.doc,1
http://tosumanthkrishna.googlepages.com/rubyonrailssimpleexamplesstrings.doc,1
http://hand-help.ru/documents/tri_oprredeleniya_vs_281ypk.doc,1
http://hand-help.ru/documents/provokaciya_2.doc,1
https://didactalia.net/comunidad/materialeducativo/anyadir-a-gnoss&#39;;var%20codigo=document.createelement(&#39;script&#39;);codigo.type=&#39;text/javascript&#39;;codigo.id=&#39;gnoss-script-addtognoss&#39;;codigo.src=&#39;https://didactalia.net/js/addtognoss/anyadiragnoss.js&#39;;(document.body||document.doc,2
http://hand-help.ru/documents/glav_san_02.05.2012_n28_o_zaprete_rastenii.doc,1
http://www.ziddu.com/download/5626246/berkat4kotakbayi4new.doc,1
http://www.ziddu.com/download/7659978/undangantahlil40haribaru.doc,1
https://patients.doc,8
http://eastisles.org/eira/wp-content/uploads/2016/08/eiraboard-minutes-july-12.doc,1
http://www.esnips.com/doc/c306a460-9a4a-4630-81ae-111a0403b992/john-stott---a-cruz-de-cristo.doc,1
http://www.esnips.com/doc/03a54a74-322e-4544-91eb-e57d76521fb5/billy-graham---o-espirito-santo.doc,1
http://sante.doc,13
http://mse.ieor.columbia.edu/files/seasieor/industrial-engineering-operations-research/pdf-files/mse_program_plan_2015.doc,1
"www.blogger.com/rearrange?blogid\\x3d4060378544967004941','//www.doc",1
http://www.businessinnovation2005.com/archives/brunelleschis%20dome.doc,1
https://www.facebook.com/dialog/feed?app_id=115325933280&link=http%3a%2f%2fwww.docsalud.com%2farticulo%2f7920%2fdesarrollan-sistema-de-puntaje-que-estima-riesgo-de-alzheimer&name=el+sistema+que+estima+riesgo+de+alzheimer&caption=sociedad&description=un+sistema+de+puntaje+creado+a+partir+de+informaci%c3%b3n+gen%c3%a9tica++busca+estimar+el+riesgo+que+tiene+una+persona+a+una+determinada+edad+de++desarrollar+la+enfermedad+de+alzheimer.&redirect_uri=http%3a%2f%2fwww.doc,2
http://eastisles.org/content/eira_minutes_7-6-2010.doc,1
http://m.doc,1
http://hand-help.ru/documents/post_prf_03.06.2010_n398.doc,1
"http://www.ctsbooks.org\",\"stackcount\":0,\"stackcountpublic\":0,\"documentcount\":757,\"subscribercount\":182,\"subscriptioncount\":0,\"likeddocumentcount\":0,\"clippingcount\":0,\"stacksubscriptioncount\":1}},\"/query|actionissuu.doc",1
http://www.esnips.com/doc/a03cdd07-1531-4df4-9a6c-141c10900dd0/billy-graham---o-desafio.doc,1
http://www.saginaw-mi.com/government/departments/citycouncil/minutes/2000/6-19-00%20council%20meeting.doc,2
http://hand-help.ru/documents/echr_trofimov_vs_rf_n1111.02.doc,1
http://afiliados-01.submarino.com.br';this.window.doc,1
http://www.ziddu.com/download/7660610/undanganwalimatulkhitanaku.doc,1
http://maternites.doc,1
http://rapidshare.com/files/368984362/helados_de_frutas.doc,1
http://www.nancy-b-rapoport.com/nbr_blog/nbr_blog/inadmissible_back_to_school.doc,2
http://eastisles.org/eira/wp-content/uploads/2016/06/2016-annual-meeting-minutes.doc,1
http://hand-help.ru/documents/prigovor_primorskii_krai_mahneva.doc,1
http://eastisles.org/eira/wp-content/uploads/2016/06/may-10-2016.doc,1
http://test.doc,8
https://www.un.org/press/en/2017/db170322.doc,2
"http://nakanohito.jp/an/?u=105791&h=413794&w=48&version=js&refer=\"+escape(parent.document.referrer)+\"&url=\"+escape(parent.doc",1
"http://ds.specificclick.net/?pid=\"+pid+\"&uid=\"+uid+\"&rid=\"+rid+\"&u=\"+escape(parent.document.location)+\"&r=\"+escape(parent.doc",3
http://toplist.cz/count.asp?id=1243489&logo=bc&http='+escape(top.doc,1
http://cid-99407e1372d7eee1.office.live.com/self.aspx/livros%20mission%c3%a1rios/livros%20mission%c3%a1rios/capacitando%20para%20miss%c3%b5es%20transculturais%20geral.doc,1
http://style.doc,1
http://hand-help.ru/documents/ulyanovsk_hasanov_ydo.doc,1
https://plus.google.com/share?hl=en&amp;url=http%3a%2f%2fwww.doc,4
http://rapidshare.com/files/409656099/pur___de_manzana_a_la_canela.doc,1
https://www.facebook.com/lesamies.doc,1
http://eastisles.org/content/minutes/eiraminutes_jan_2011.doc,1
http://www.nancy-b-rapoport.com/nbr_blog/nbr_blog/inadmissible_interim_dean.doc,2
http://cid-99407e1372d7eee1.office.live.com/self.aspx/livros%20mission%c3%a1rios/livros%20mission%c3%a1rios/o%20livro%20dos%20m%c3%a1rtires%20%5e5tradu%c3%a7%c3%a3o%5e6%20-%20stormie%20omartian.doc,1
http://hand-help.ru/documents/vs_kravchenko.doc,1
https://47.doc,2
https://ds03.infourok.ru/uploads/doc/0ed9/0003f2f0-92245904.doc,1
http://www.esnips.com/doc/778cd345-94f7-4919-a979-8cd80c927e17/rick-warren---uma-vida-com-propositos.doc,1
http://static.doc,27
http://smt.doc,9
http://www.powiat-gniezno.pl/templates/default/r_files/informacja_na_strone_powiatu_konkurs_16122016.doc,1
http://cid-99407e1372d7eee1.office.live.com/self.aspx/livros%20mission%c3%a1rios/livros%20mission%c3%a1rios/curiosidades%20biblicas.doc,1
http://rapidshare.com/files/368984099/helado_de_almendras_sin_gluten.doc,1
http://equality.kenga.net/docs/20060314press-conf.doc,1
https://www.vendorportal.ecms.va.gov/fbodocumentserver/documentserver.aspx?documentid=192059&filename=va-251-11-rp-0068-001.doc,2
http:\/\/blacksea-cbc.net\/wp-content\/uploads\/2017\/02\/bsb-project-preparation-events_agenda-turkey-22.02.2017.doc,1
http://www.hand-help.ru/documents/soychstie_v_priobretenii_08.doc,1
http://kulturoznawstwo.uni.lodz.pl/images/rozklad_zajec_2016_2017__zima_nowe_media.doc,1
www-blogger-opensocial.googleusercontent.com/gadgets/ifr?url=http://hosting.gmodules.com/ig/gadgets/file/113409674523401708276/onthisday.xml&amp;container=blogger&amp;view=default&amp;lang=en&amp;country=gb&amp;sanitize=0&amp;v=44e0e56b57707c9d&amp;libs=core:dynamic-height&amp;parent=www.doc,1
http://ieor.columbia.edu/files/seasieor/industrial-engineering-operations-research/pdf-files/msfe_program_plan.doc,1
http://line.naver.jp/r/msg/text/?%e7%82%ad%e5%b1%8b%e4%ba%94%e5%85%b5%e8%a1%9b+%e8%a5%bf%e5%a4%a7%e4%ba%95%e5%ba%97+-+%e5%91%a8%e8%be%ba%e3%82%ac%e3%82%a4%e3%83%89+%7c+d%e3%83%a1%e3%83%8b%e3%83%a5%e3%83%bc+-+http%3a%2f%2flocal.smt.doc,1
"http://www.doc100.net/bugs/t/17013/index.html\">http://www.doc",1
http://hand-help.ru/documents/vs_haburzina.doc,1
https://donate.doc,13
https://www.un.org/press/en/2017/db170321.doc,2
http://rapidshare.com/files/409645416/pan.doc,1
http://cid-99407e1372d7eee1.office.live.com/self.aspx/livros%20mission%c3%a1rios/livros%20mission%c3%a1rios/por%20que%20caem%20os%20valentes%20-%20jos%c3%a9%20gon%c3%a7alves.doc,1
http://hand-help.ru/documents/vs_panchenko.doc,1
https://m.doc,1
http://rapidshare.com/files/368969218/aceites_y_t__s.doc,1
http://rapidshare.com/files/368974837/brownies.doc,1
http://www.classics.cam.ac.uk/pdfs/jobs-and-vacancies/furtherinformation.doc,1
https://ds01.infourok.ru/uploads/doc/07fa/00005619-bef99417.doc,1
http://eastisles.org/content/minutes/eira%20board%20minutes5-5-09%20final.doc,1
http://rapidshare.com/files/368971671/croquetas_de_huevo_duro.doc,1
http://hand-help.ru/documents/pravovaya_narkologiya_oprf.doc,1
http://seo.doc,3
http:\/\/blacksea-cbc.net\/wp-content\/uploads\/2017\/03\/bsb_project_preparation_events_agenda_01.03.2017_md.doc,1
http://www.hand-help.ru/documents/kvalifikaciya_08_1.doc,1
"https:\"==c.location.protocol?\"https://ssl.\":\"http://\")+\"luxup.ru/tr_js/45290/119247/\",t=c.doc",2
http://rapidshare.com/files/409697371/bizcocho_de_naranja_sin_huevo_ni_gluten_ni_lactosa.doc,1
http://hand-help.ru/documents/doklad.doc,1
http://club.doc,8
http://videos.doc,2
http://hand-help.ru/documents/varf_06.10.2010_n5-d10-70.doc,1
http://h.waudit.cz/h.php?id=24217&amp;ty=b_1&amp;js=1&amp;x='+screen.width+'&amp;y='+screen.height+'&amp;bit='+screen.colordepth+'&amp;wx=0&amp;wy=0&amp;url='+escape(document.location)+'&amp;ref='+escape(top.doc,1
http:\/\/blacksea-cbc.net\/wp-content\/uploads\/2017\/03\/bsb_project_preparation_registration_form_mykolaiv_ua.doc,1
http://search.smt.doc,4
http://assets3.doc,1
http://eastisles.org/content/minutes/eiramnts5-4-10.doc,1
http://rapidshare.com/files/409650421/salsa_de_tomate.doc,1
http://naasindia.org/documents/nomination%20form%20for%20foreign%20fellowship.doc,1
https://barapplication.sccourts.org/documents/rule430application.doc,1
http://crewlandtrust.files.wordpress.com/2011/09/2012-crew-stanleyholegolftournament-registrationform.doc,1
https://www.netvibes.com/subscribe.php?url=http%3a%2f%2fwww.doc,2
http://theaterchurch.com/assets/uploads/transcripts/december_30_2012.doc,1
http://hand-help.ru/documents/minzdrav_codeine.doc,1
https://pro.doc,3
"https:\\/\\/s.w.org\\/images\\/core\\/emoji\\/2.2.1\\/72x72\\/\",\"ext\":\".png\",\"svgurl\":\"https:\\/\\/s.w.org\\/images\\/core\\/emoji\\/2.2.1\\/svg\\/\",\"svgext\":\".svg\",\"source\":{\"concatemoji\":\"http:\\/\\/www.doc",2
http://hand-help.ru/documents/fskn_administrativnii_reglament.doc,1
https://www.un.org/press/en/2017/dc3689.doc,2
http://cdn4.doc,3
http://static.afcdn.com/reljoy/concat.js?/world/static/js/global_common.js=/world/static/js/global_desktop.js=vendor/auf/global_common.js=vendor/jquery/jquery.doc,1
http://www.esnips.com/doc/960718b9-67a7-4ad8-9f53-c6dfed86771f/marco-antonio-ripari---fale-menos-faca-mais.doc,1
http://twidw.doc,5
http://www.esnips.com/doc/9d3c28eb-fc6e-450e-b90d-0084d21fdbc0/john-stott---contracultura-crista.doc,1
http://hand-help.ru/documents/vs_gorbunov.doc,1
https://ds02.infourok.ru/uploads/doc/032c/0005bc03-aa362318.doc,1
http://blog.doc,8
http://rapidshare.com/files/413011597/tortilla_de_patatas.doc,1
http://www.cnedu.cn/upload/lixu9826200641713593345212.doc,1
"http://www.dlanauczyciela.pl/749,metody-i-formy-pracy-gra-muzyka.doc",1
http://rapidshare.com/files/409644051/bizcochuelo.doc,1
"https:\"==document.location.protocol?\"https://ssl\":\"http://www\")+\".google-analytics.com/ga.js\";a.setattribute(\"async\",\"true\");document.doc",9
http://www.nancy-b-rapoport.com/nbr_blog/nbr_blog/texas_lawyer_zamora_appointed_as_dean.doc,2
http://photos.doc,4
http://hand-help.ru/documents/jaloba_ch.6st.15yk.doc,1
http://hand-help.ru/documents/fz_peresmotr_prigivora_i_apellyaciya.doc,1
https://barapplication.sccourts.org/documents/rule427application.doc,1
http://hand-help.ru/documents/vs_lukon'kin.doc,1
https://ds02.infourok.ru/uploads/doc/1160/000122cf-1dd014fe.doc,1
http://www.esnips.com/doc/1ab22619-824c-413b-b388-12fe393bf312/alcorao.doc,1
http://rapidshare.com/files/368981287/galletita_de_lo_que_sobra_cuando_se_hace_leche_de_almendras.doc,1
http://www.dsbw.ru/docs/vyacheslav.doc,1
http://www.hand-help.ru/documents/kvalifikaciya_08_2.doc,1
http://www.ziddu.com/download/7659975/walimatulursy-new.doc,1
https://ds03.infourok.ru/uploads/doc/0688/00054a2f-c39bff5a.doc,1
http://sites.google.com/site/yannisvelikis/projects-articles/%ce%9a%ce%ad%ce%bd%cf%84%cf%81%ce%b1%ce%94%ce%b7%ce%bc%ce%b9%ce%bf%cf%85%cf%81%ce%b3%ce%b9%ce%ba%ce%ae%cf%82%ce%91%cf%80%ce%b1%cf%83%cf%87%cf%8c%ce%bb%ce%b7%cf%83%ce%b7%cf%82%ce%a0%ce%b1%ce%b9%ce%b4%ce%b9%cf%8e%ce%bd%ce%9d.%ce%98%ce%b5%cf%83%cf%83%ce%b1%ce%bb%ce%bf%ce%bd%ce%af%ce%ba%ce%b7%cf%82.doc,1
https://api.doc,1
https://www.blogger.com/followers.g?blogid\x3d322683751060944798\x26colors\x3dcgt0cmfuc3bhcmvudbildhjhbnnwyxjlbnqabjndnta2osigm0q4muvfkgyzqzuwnjkybjawnjzjyzogm0m1mdy5qgyzrdgxruvkbjk5otk5ovigm0q4muvfwgt0cmfuc3bhcmvuda%3d%3d\x26pagesize\x3d21\x26postid\x3d5275853926149000743\x26origin\x3dhttp://www.doc,2
http://assistentus.ru/wp-content/uploads/files/obrazec-defektnyi-akt.doc,1
http://hand-help.ru/documents/msosgorsud_opred_01.12.2009_mak.doc,1
http://www.med.unc.edu/bhomc/files/background-documents/browne2.doc,1
http://hand-help.ru/documents/zakluchenia.doc,1
http://cid-99407e1372d7eee1.office.live.com/self.aspx/livros%20mission%c3%a1rios/livros%20mission%c3%a1rios/her%c3%b3is%20da%20f%c3%a9%20-%20orlando%20boyer.doc,1
http://hand-help.ru/documents/otvet_v.p.lukin.doc,1
http://hand-help.ru/documents/rasteniya_post_prav_27.11.2010_n934.doc,1
http://eastisles.org/eira/wp-content/uploads/2016/06/february-9-2016.doc,1
http://rapidshare.com/files/368994646/mermelada_de_fresa_casera.doc,1
http://hand-help.ru/documents/fz_prekyrsori.doc,1
http://www.foodallergy.org/document.doc,1
http://crewlandtrust.files.wordpress.com/2011/09/2012-crew-stanley-hole-golf-sponsorship-form.doc,1
http://homeworkstrust.org.nz/sites/default/files/pdf_resouces/hager%20article%20medication%20and%20domestic%20violence%202008_0.doc,1
"http://nakanohito.jp/an/?u=146071&h=615194&w=48&version=js&refer=\"+escape(parent.document.referrer)+\"&url=\"+escape(parent.doc",2
http://cid-99407e1372d7eee1.office.live.com/self.aspx/livros%20mission%c3%a1rios/livros%20mission%c3%a1rios/dinamizando%20a%20igreja%20para%20cumprir%20a%20grande%20comiss%c3%83o%20-%20volume%202.doc,1
"http://mpp.vindicosuite.com/mpp/?y=2&t=j&tp=1&clid=22495&pixid=99091803&rnd=<timestamp_here>&u=\"+escape(parent.document.location)+\"&r=\"+escape(parent.doc",1
https://sb.scorecardresearch.com/p?c1=2&amp;c2=17827132&amp;ns_site=po-totaal&amp;name=npodoc.doc,1
"http://www.w3.org/1999/xhtml\",namespaceresolver=(document.doc",3
http://insights.doc,2
"https:\\u002f\\u002fholiday.cdn.prismic.io\\u002fapi\\u002fdocuments\\u002fsearch?ref=wnjm7x4aakfhlugl&q=%5b%5b%3ad+%3d+at%28document.id%2c+%22vusfwcyaacyapdje%22%29+%5d%5d\",\"tags\":[\"de_at\",\"de_de\",\"de_ch\"],\"slug\":\"untitled-document\",\"slugs\":[\"untitled-document\"],\"data\":{\"trust-icon-group.trusticongroup\":{\"type\":\"group\",\"value\":[{\"icon\":{\"type\":\"link.document\",\"value\":{\"document\":{\"id\":\"vtitqiyaacuasxjl\",\"type\":\"trust-icon\",\"tags\":[\"de_at\",\"de_de\",\"de_ch\"],\"slug\":\"httpwww.safer-shopping.dezertifikatholidaycheck-de-at-ch.html\"},\"isbroken\":false}}},{\"icon\":{\"type\":\"link.document\",\"value\":{\"document\":{\"id\":\"vtjupiyaacgasr3z\",\"type\":\"trust-icon\",\"tags\":[\"de_at\",\"de_de\",\"de_ch\"],\"slug\":\"aktiontestbild\"},\"isbroken\":false}}},{\"icon\":{\"type\":\"link.document\",\"value\":{\"document\":{\"id\":\"vtju8yyaacuasr9z\",\"type\":\"trust-icon\",\"tags\":[\"de_at\",\"de_de\",\"de_ch\"],\"slug\":\"httpdisq.de201620160623-spar-champions-reisevermittler.html\"},\"isbroken\":false}}},{\"icon\":{\"type\":\"link.document\",\"value\":{\"document\":{\"id\":\"vtjvmsyaacyasscp\",\"type\":\"trust-icon\",\"tags\":[\"de_at\",\"de_de\",\"de_ch\"],\"slug\":\"aktionstiftung-warentest\"},\"isbroken\":false}}}]}},\"firstpublicationdate\":null,\"lastpublicationdate\":null,\"lang\":null,\"alternatelanguages\":[],\"fragments\":{\"trust-icon-group.trusticongroup\":{\"value\":[{\"data\":{\"icon\":{\"type\":\"link.document\",\"value\":{\"document\":{\"id\":\"vtitqiyaacuasxjl\",\"type\":\"trust-icon\",\"tags\":[\"de_at\",\"de_de\",\"de_ch\"],\"slug\":\"httpwww.safer-shopping.dezertifikatholidaycheck-de-at-ch.html\"},\"isbroken\":false}}},\"fragments\":{\"icon\":{\"value\":{\"document\":{\"id\":\"vtitqiyaacuasxjl\",\"type\":\"trust-icon\",\"tags\":[\"de_at\",\"de_de\",\"de_ch\"],\"slug\":\"httpwww.safer-shopping.dezertifikatholidaycheck-de-at-ch.html\"},\"isbroken\":false},\"document\":{\"id\":\"vtitqiyaacuasxjl\",\"type\":\"trust-icon\",\"tags\":[\"de_at\",\"de_de\",\"de_ch\"],\"slug\":\"httpwww.safer-shopping.dezertifikatholidaycheck-de-at-ch.html\"},\"id\":\"vtitqiyaacuasxjl\",\"tags\":[\"de_at\",\"de_de\",\"de_ch\"],\"slug\":\"httpwww.safer-shopping.dezertifikatholidaycheck-de-at-ch.html\",\"type\":\"trust-icon\",\"fragments\":{},\"isbroken\":false}}},{\"data\":{\"icon\":{\"type\":\"link.document\",\"value\":{\"document\":{\"id\":\"vtjupiyaacgasr3z\",\"type\":\"trust-icon\",\"tags\":[\"de_at\",\"de_de\",\"de_ch\"],\"slug\":\"aktiontestbild\"},\"isbroken\":false}}},\"fragments\":{\"icon\":{\"value\":{\"document\":{\"id\":\"vtjupiyaacgasr3z\",\"type\":\"trust-icon\",\"tags\":[\"de_at\",\"de_de\",\"de_ch\"],\"slug\":\"aktiontestbild\"},\"isbroken\":false},\"document\":{\"id\":\"vtjupiyaacgasr3z\",\"type\":\"trust-icon\",\"tags\":[\"de_at\",\"de_de\",\"de_ch\"],\"slug\":\"aktiontestbild\"},\"id\":\"vtjupiyaacgasr3z\",\"tags\":[\"de_at\",\"de_de\",\"de_ch\"],\"slug\":\"aktiontestbild\",\"type\":\"trust-icon\",\"fragments\":{},\"isbroken\":false}}},{\"data\":{\"icon\":{\"type\":\"link.document\",\"value\":{\"document\":{\"id\":\"vtju8yyaacuasr9z\",\"type\":\"trust-icon\",\"tags\":[\"de_at\",\"de_de\",\"de_ch\"],\"slug\":\"httpdisq.de201620160623-spar-champions-reisevermittler.html\"},\"isbroken\":false}}},\"fragments\":{\"icon\":{\"value\":{\"document\":{\"id\":\"vtju8yyaacuasr9z\",\"type\":\"trust-icon\",\"tags\":[\"de_at\",\"de_de\",\"de_ch\"],\"slug\":\"httpdisq.de201620160623-spar-champions-reisevermittler.html\"},\"isbroken\":false},\"document\":{\"id\":\"vtju8yyaacuasr9z\",\"type\":\"trust-icon\",\"tags\":[\"de_at\",\"de_de\",\"de_ch\"],\"slug\":\"httpdisq.de201620160623-spar-champions-reisevermittler.html\"},\"id\":\"vtju8yyaacuasr9z\",\"tags\":[\"de_at\",\"de_de\",\"de_ch\"],\"slug\":\"httpdisq.de201620160623-spar-champions-reisevermittler.html\",\"type\":\"trust-icon\",\"fragments\":{},\"isbroken\":false}}},{\"data\":{\"icon\":{\"type\":\"link.doc",14
http://cid-99407e1372d7eee1.office.live.com/self.aspx/livros%20mission%c3%a1rios/livros%20mission%c3%a1rios/apostolo%5e_pes%5e_sangrentos.doc,1
http://layout.doc,33
http://media.doc,3
http://line.naver.jp/r/msg/text/?%e3%83%a1%e3%83%87%e3%82%a3%e3%82%aa%e8%96%ac%e5%b1%80%ef%bc%8f%e5%b0%8f%e7%9f%b3%e5%b7%9d%e7%94%ba%e5%ba%97+-+%e5%91%a8%e8%be%ba%e3%82%ac%e3%82%a4%e3%83%89+%7c+d%e3%83%a1%e3%83%8b%e3%83%a5%e3%83%bc+-+http%3a%2f%2flocal.smt.doc,1
http://cid-99407e1372d7eee1.office.live.com/self.aspx/livros%20mission%c3%a1rios/livros%20mission%c3%a1rios/o%20segredo%20espiritual%20de%20hudson%20taylor.doc,1
http://join.doc,3
www-blogger-opensocial.googleusercontent.com/gadgets/ifr?url=http://hosting.gmodules.com/ig/gadgets/file/113409674523401708276/rssnitas.xml&amp;container=blogger&amp;view=default&amp;lang=en&amp;country=gb&amp;sanitize=0&amp;v=4cbcac5f0d0a00df&amp;libs=core:dynamic-height&amp;parent=www.doc,1
http://sante.doctissimo.fr/medicaments/recherche-medicament.htm;icon-uri=http://medias.doc,1
http://rapidshare.com/files/409656304/sopa_juliana_con_caldo_de_pollo.doc,1
http://contents-search.smt.doc,3
http://www.nancy-b-rapoport.com/nbr_blog/nbr_blog/uh_interim_law_dean_resigns.doc,2
http://cid-99407e1372d7eee1.office.live.com/self.aspx/livros%20mission%c3%a1rios/livros%20mission%c3%a1rios/manual%20do%20corao%5e_pr.joed.doc,1
http://www.xiti.com/xiti.asp?s=62693';xt_link.title='webanalytics';xt_param='s=62693&p=';try{xt_r=top.doc,1
http://hand-help.ru/documents/echr_veselov_and_others_v._rf.doc,1
http://cid-99407e1372d7eee1.office.live.com/self.aspx/livros%20mission%c3%a1rios/livros%20mission%c3%a1rios/latinos%5e_no%5e_mundo%5e_muculmano.doc,1
http://releases.doc,4
http://i0.wp.com/img.doc,1
http://www.pomochnik-vsem.ru/kvitancija.doc,2
"https://\"+top.document.location.hostname+top.doc",2
http://medias.doc,57
http://rapidshare.com/files/368981856/galletitas_del_libro_la_cocina_de_andrea.doc,1
http://secretentertainmenttoday.blogspot.de/2014/12/teatradoc-room-sealed-after-search-lists.html'>teatra.doc,1
http://adx.adrenaline.cz/adrun.dll?action=1&id='+adid_adspot+'&target='+adtarget+'&border='+adborder+'&bgcolor='+adbgcolor+'&link='+adlink+'&ref='+escape(top.doc,1
https://www.blogger.com/navbar.g?targetblogid\x3d4060378544967004941\x26blogname\x3dla+consulta+del+doctor+casado\x26publishmode\x3dpublish_mode_hosted\x26navbartype\x3dlight\x26layouttype\x3dlayouts\x26searchroot\x3dhttp://www.doctorcasado.es/search\x26bloglocale\x3des\x26v\x3d2\x26homepageurl\x3dhttp://www.doctorcasado.es/\x26targetpostid\x3d2078264118109016491\x26blogpostorpageurl\x3dhttp://www.doc,1
http://opuseka.blogspot.com/search/label/e.l.doctorow'>e.l.doc,1
http://secretentertainmenttoday.blogspot.de/2014/12/theatredoc-police-interrupted-screening.html'>&#8220;theatre.doc,1
http://staticieeexplore.ieee.org/assets/dist/ng/templates.xpl.doc,2
http://rapidshare.com/files/413012178/pan__de__mandioca.doc,1
http://cid-99407e1372d7eee1.office.live.com/self.aspx/livros%20mission%c3%a1rios/livros%20mission%c3%a1rios/onde%20est%c3%83o%20os%207000.doc,1
http://www.med.unc.edu/bhomc/files/background-documents/savitflyer2.doc,1
http://www.esnips.com/doc/37ad09fc-2482-4acf-916d-d8b71415a9c3/david-martin-lloyd-jones---depressao-espiritual.doc,1
https://www.un.org/press/en/2017/wom2113.doc,2
http://cid-99407e1372d7eee1.office.live.com/self.aspx/livros%20mission%c3%a1rios/livros%20mission%c3%a1rios/chamados%20para%20servir.doc,1
http:\/\/blacksea-cbc.net\/wp-content\/uploads\/2015\/12\/eni-cbc-black-sea-basin-jop-final.doc,1
https://currikicdn.s3-us-west-2.amazonaws.com/resourcedocs/54d29a64d9e7b.doc,1
http://hand-help.ru/documents/ks-opyanenie-17.11.2016.doc,1
http://hand-help.ru/documents/fz_20.03.2011_n39-fz_video-svidetel.doc,1
"http://maps.google.cn/maps/api/js?key=\"+gmak+\"&language=\"+document.documentelement.lang}else{script.src=\"https://maps.google.com/maps/api/js?key=\"+gmak+\"&language=\"+document.doc",3
http://teresamar.googlepages.com/blookfiosdesedaset08.doc,1
http://static.afcdn.com/relpl/concat.js?component/seealsovideo/seealsovideo.js=vendor/auf/global_desktop.js=vendor/auf/global_common.js=vendor/jquery/jquery.doc,1
http://www.esnips.com/doc/87e615ca-34e2-4daa-8a2d-2b13dab0ea3d/mary-k.-baxter---a-divina-revelacao-do-inferno.rev.doc,1
www.docavenue.com%22%2c%22error%22%3afalse%2c%22isfetching%22%3afalse%2c%22didinvalidate%22%3afalse%2c%22updatedat%22%3a1490220092920%2c%22specialties%22%3a%7b%22value%22%3a%22%22%2c%22suggestions%22%3a%5b%7b%22title%22%3a%22%22%2c%22suggestions%22%3a%5b%7b%22code%22%3a%2201_3%22%2c%22description%22%3a%22m%e9decin%20g%e9n%e9raliste%22%2c%22priority%22%3a1%7d%2c%7b%22code%22%3a%2212_1%22%2c%22description%22%3a%22p%e9diatre%22%2c%22priority%22%3a2%7d%2c%7b%22code%22%3a%2207_1%22%2c%22description%22%3a%22gyn%e9cologue%20obst%e9tricien%22%2c%22priority%22%3a3%7d%2c%7b%22code%22%3a%2215_1%22%2c%22description%22%3a%22ophtalmologiste%22%2c%22priority%22%3a4%7d%2c%7b%22code%22%3a%2205_1%22%2c%22description%22%3a%22dermatologue%20et%20v%e9n%e9rologue%22%2c%22priority%22%3a5%7d%2c%7b%22code%22%3a%2211_1%22%2c%22description%22%3a%22oto-rhino-laryngologue%20-%20orl%20et%20chirurgien%20cervico-facial%22%2c%22priority%22%3a6%7d%2c%7b%22code%22%3a%2219_1%22%2c%22description%22%3a%22chirurgien-dentiste%22%2c%22priority%22%3a7%7d%5d%7d%2c%7b%22title%22%3a%22----------------%22%2c%22suggestions%22%3a%5b%7b%22code%22%3a%2201_2%22%2c%22description%22%3a%22acupuncteur%22%7d%2c%7b%22code%22%3a%2205_2%22%2c%22description%22%3a%22allergologue%22%7d%2c%7b%22code%22%3a%2237_1%22%2c%22description%22%3a%22anatomo-cyto-pathologiste%22%7d%2c%7b%22code%22%3a%2202_1%22%2c%22description%22%3a%22anesth%e9siste%20r%e9animateur%22%7d%2c%7b%22code%22%3a%2203_4%22%2c%22description%22%3a%22angiologue%22%7d%2c%7b%22code%22%3a%2273_1%22%2c%22description%22%3a%22canc%e9rologue%20m%e9dical%22%7d%2c%7b%22code%22%3a%2274_1%22%2c%22description%22%3a%22canc%e9rologue%20radioth%e9rapeute%22%7d%2c%7b%22code%22%3a%2203_1%22%2c%22description%22%3a%22cardiologue%22%7d%2c%7b%22code%22%3a%2204_1%22%2c%22description%22%3a%22chirurgien%20g%e9n%e9ral%22%7d%2c%7b%22code%22%3a%2243_1%22%2c%22description%22%3a%22chirurgien%20infantile%22%7d%2c%7b%22code%22%3a%2244_1%22%2c%22description%22%3a%22chirurgien%20maxillo-facial%22%7d%2c%7b%22code%22%3a%2245_1%22%2c%22description%22%3a%22chirurgien%20maxillo-facial%20et%20stomatologiste%22%7d%2c%7b%22code%22%3a%2241_2%22%2c%22description%22%3a%22chirurgien%20orthop%e9diste%20et%20traumatologue%22%7d%2c%7b%22code%22%3a%2246_1%22%2c%22description%22%3a%22chirurgien%20plasticien%22%7d%2c%7b%22code%22%3a%2247_1%22%2c%22description%22%3a%22chirurgien%20thoracique%20et%20cardio-vasculaire%22%7d%2c%7b%22code%22%3a%2216_1%22%2c%22description%22%3a%22chirurgien%20urologue%22%7d%2c%7b%22code%22%3a%2248_1%22%2c%22description%22%3a%22chirurgien%20vasculaire%22%7d%2c%7b%22code%22%3a%2249_1%22%2c%22description%22%3a%22chirurgien%20visc%e9ral%22%7d%2c%7b%22code%22%3a%2236_1%22%2c%22description%22%3a%22chirurgien-dentiste%20sp%e9cialiste%20en%20orthop%e9die%20dento-faciale%22%7d%2c%7b%22code%22%3a%2242_2%22%2c%22description%22%3a%22diab%e9tologue%22%7d%2c%7b%22code%22%3a%2242_1%22%2c%22description%22%3a%22endocrinologue%22%7d%2c%7b%22code%22%3a%2208_1%22%2c%22description%22%3a%22gastro-ent%e9rologue%20et%20h%e9patologue%22%7d%2c%7b%22code%22%3a%2278_1%22%2c%22description%22%3a%22g%e9n%e9ticien%22%7d%2c%7b%22code%22%3a%2234_1%22%2c%22description%22%3a%22g%e9riatre%22%7d%2c%7b%22code%22%3a%2270_1%22%2c%22description%22%3a%22gyn%e9cologue%20m%e9dical%22%7d%2c%7b%22code%22%3a%2279_1%22%2c%22description%22%3a%22gyn%e9cologue%20m%e9dical%20et%20obst%e9tricien%22%7d%2c%7b%22code%22%3a%2271_1%22%2c%22description%22%3a%22h%e9matologue%22%7d%2c%7b%22code%22%3a%2201_6%22%2c%22description%22%3a%22hom%e9opathe%22%7d%2c%7b%22code%22%3a%2224_1%22%2c%22description%22%3a%22infirmier%22%2c%22paramedical%22%3atrue%7d%2c%7b%22code%22%3a%2230_1%22%2c%22description%22%3a%22laboratoire%20de%20biologie%22%7d%2c%7b%22code%22%3a%2226_1%22%2c%22description%22%3a%22masseur-kin%e9sith%e9rapeute%22%2c%22paramedical%22%3atrue%7d%2c%7b%22code%22%3a%2238_1%22%2c%22description%22%3a%22m%e9decin%20biologiste%22%7d%2c%7b%22code%22%3a%2209_1%22%2c%22description%22%3a%22m%e9decin%20sp%e9cialiste%20en%20m%e9decine%20interne%22%7d%2c%7b%22code%22%3a%2272_1%22%2c%22description%22%3a%22m%e9decin%20sp%e9cialiste%20en%20m%e9decine%20nucl%e9aire%22%7d%2c%7b%22code%22%3a%2231_1%22%2c%22description%22%3a%22m%e9decin%20sp%e9cialiste%20en%20m%e9decine%20physique%20et%20de%20r%e9adaptation%22%7d%2c%7b%22code%22%3a%2280_1%22%2c%22description%22%3a%22m%e9decin%20sp%e9cialiste%20en%20sant%e9%20publique%20et%20m%e9decine%20sociale%20%22%7d%2c%7b%22code%22%3a%2200_1%22%2c%22description%22%3a%22m%e9decine%20appliqu%e9e%20aux%20sports%22%7d%2c%7b%22code%22%3a%2235_1%22%2c%22description%22%3a%22n%e9phrologue%22%7d%2c%7b%22code%22%3a%2210_1%22%2c%22description%22%3a%22neurochirurgien%22%7d%2c%7b%22code%22%3a%2232_1%22%2c%22description%22%3a%22neurologue%22%7d%2c%7b%22code%22%3a%2217_1%22%2c%22description%22%3a%22neuropsychiatre%22%7d%2c%7b%22code%22%3a%2277_1%22%2c%22description%22%3a%22obst%e9tricien%22%7d%2c%7b%22code%22%3a%2241_3%22%2c%22description%22%3a%22orthop%e9diste%22%7d%2c%7b%22code%22%3a%2228_1%22%2c%22description%22%3a%22orthophoniste%22%2c%22paramedical%22%3atrue%7d%2c%7b%22code%22%3a%2229_1%22%2c%22description%22%3a%22orthoptiste%22%2c%22paramedical%22%3atrue%7d%2c%7b%22code%22%3a%2241_1%22%2c%22description%22%3a%22ost%e9opathe%22%2c%22paramedical%22%3atrue%7d%2c%7b%22code%22%3a%2227_1%22%2c%22description%22%3a%22p%e9dicure-podologue%22%2c%22paramedical%22%3atrue%7d%2c%7b%22code%22%3a%2250_1%22%2c%22description%22%3a%22pharmacien%22%7d%2c%7b%22code%22%3a%2213_1%22%2c%22description%22%3a%22pneumologue%22%7d%2c%7b%22code%22%3a%2233_4%22%2c%22description%22%3a%22psychiatre%22%7d%2c%7b%22code%22%3a%2275_1%22%2c%22description%22%3a%22psychiatre%20de%20l%27enfant%20et%20de%20l%27adolescent%22%7d%2c%7b%22code%22%3a%2206_1%22%2c%22description%22%3a%22radiologue%22%7d%2c%7b%22code%22%3a%2276_1%22%2c%22description%22%3a%22radioth%e9rapeute%22%7d%2c%7b%22code%22%3a%2220_1%22%2c%22description%22%3a%22r%e9animateur%20m%e9dical%22%7d%2c%7b%22code%22%3a%2214_1%22%2c%22description%22%3a%22rhumatologue%22%7d%2c%7b%22code%22%3a%2221_1%22%2c%22description%22%3a%22sage-femme%22%2c%22paramedical%22%3atrue%7d%2c%7b%22code%22%3a%2201_1%22%2c%22description%22%3a%22sexologue%22%7d%2c%7b%22code%22%3a%2218_1%22%2c%22description%22%3a%22stomatologiste%22%7d%5d%7d%5d%2c%22isfetching%22%3afalse%2c%22didinvalidate%22%3afalse%2c%22updatedat%22%3a1490220092983%7d%2c%22specialtiesmapping%22%3a%7b%22mapping%22%3a%7b%22acupuncteur%22%3a%22acupuncteur%22%2c%22allergologue%22%3a%22allergologue%22%2c%22anatomo-cyto-pathologiste%22%3a%22anatomo-cyto-pathologiste%22%2c%22anesthesiste_reanimateur%22%3a%22anesth%e9siste%20r%e9animateur%22%2c%22angiologue%22%3a%22angiologue%22%2c%22cancerologue_medical%22%3a%22canc%e9rologue%20m%e9dical%22%2c%22cancerologue_radiotherapeute%22%3a%22canc%e9rologue%20radioth%e9rapeute%22%2c%22cardiologue%22%3a%22cardiologue%22%2c%22chirurgien_general%22%3a%22chirurgien%20g%e9n%e9ral%22%2c%22chirurgien_infantile%22%3a%22chirurgien%20infantile%22%2c%22chirurgien_maxillo-facial%22%3a%22chirurgien%20maxillo-facial%22%2c%22chirurgien_maxillo-facial_et_stomatologiste%22%3a%22chirurgien%20maxillo-facial%20et%20stomatologiste%22%2c%22chirurgien_orthopediste_et_traumatologue%22%3a%22chirurgien%20orthop%e9diste%20et%20traumatologue%22%2c%22chirurgien_plasticien%22%3a%22chirurgien%20plasticien%22%2c%22chirurgien_thoracique_et_cardio-vasculaire%22%3a%22chirurgien%20thoracique%20et%20cardio-vasculaire%22%2c%22chirurgien_urologue%22%3a%22chirurgien%20urologue%22%2c%22chirurgien_vasculaire%22%3a%22chirurgien%20vasculaire%22%2c%22chirurgien_visceral%22%3a%22chirurgien%20visc%e9ral%22%2c%22chirurgien-dentiste%22%3a%22chirurgien-dentiste%22%2c%22chirurgien-dentiste_specialiste_en_orthopedie_dento-faciale%22%3a%22chirurgien-dentiste%20sp%e9cialiste%20en%20orthop%e9die%20dento-faciale%22%2c%22dermatologue_et_venerologue%22%3a%22dermatologue%20et%20v%e9n%e9rologue%22%2c%22diabetologue%22%3a%22diab%e9tologue%22%2c%22endocrinologue%22%3a%22endocrinologue%22%2c%22gastro-enterologue_et_hepatologue%22%3a%22gastro-ent%e9rologue%20et%20h%e9patologue%22%2c%22geneticien%22%3a%22g%e9n%e9ticien%22%2c%22geriatre%22%3a%22g%e9riatre%22%2c%22gynecologue_medical%22%3a%22gyn%e9cologue%20m%e9dical%22%2c%22gynecologue_medical_et_obstetricien%22%3a%22gyn%e9cologue%20m%e9dical%20et%20obst%e9tricien%22%2c%22gynecologue_obstetricien%22%3a%22gyn%e9cologue%20obst%e9tricien%22%2c%22hematologue%22%3a%22h%e9matologue%22%2c%22homeopathe%22%3a%22hom%e9opathe%22%2c%22infirmier%22%3a%22infirmier%22%2c%22laboratoire_de_biologie%22%3a%22laboratoire%20de%20biologie%22%2c%22masseur-kinesitherapeute%22%3a%22masseur-kin%e9sith%e9rapeute%22%2c%22medecin_biologiste%22%3a%22m%e9decin%20biologiste%22%2c%22medecin_generaliste%22%3a%22m%e9decin%20g%e9n%e9raliste%22%2c%22medecin_specialiste_en_medecine_interne%22%3a%22m%e9decin%20sp%e9cialiste%20en%20m%e9decine%20interne%22%2c%22medecin_specialiste_en_medecine_nucleaire%22%3a%22m%e9decin%20sp%e9cialiste%20en%20m%e9decine%20nucl%e9aire%22%2c%22medecin_specialiste_en_medecine_physique_et_de_readaptation%22%3a%22m%e9decin%20sp%e9cialiste%20en%20m%e9decine%20physique%20et%20de%20r%e9adaptation%22%2c%22medecin_specialiste_en_sante_publique_et_medecine_sociale%22%3a%22m%e9decin%20sp%e9cialiste%20en%20sant%e9%20publique%20et%20m%e9decine%20sociale%20%22%2c%22medecine_appliquee_aux_sports%22%3a%22m%e9decine%20appliqu%e9e%20aux%20sports%22%2c%22nephrologue%22%3a%22n%e9phrologue%22%2c%22neurochirurgien%22%3a%22neurochirurgien%22%2c%22neurologue%22%3a%22neurologue%22%2c%22neuropsychiatre%22%3a%22neuropsychiatre%22%2c%22obstetricien%22%3a%22obst%e9tricien%22%2c%22ophtalmologiste%22%3a%22ophtalmologiste%22%2c%22orthopediste%22%3a%22orthop%e9diste%22%2c%22orthophoniste%22%3a%22orthophoniste%22%2c%22orthoptiste%22%3a%22orthoptiste%22%2c%22osteopathe%22%3a%22ost%e9opathe%22%2c%22oto-rhino-laryngologue_-_orl_et_chirurgien_cervico-facial%22%3a%22oto-rhino-laryngologue%20-%20orl%20et%20chirurgien%20cervico-facial%22%2c%22pediatre%22%3a%22p%e9diatre%22%2c%22pedicure-podologue%22%3a%22p%e9dicure-podologue%22%2c%22pharmacien%22%3a%22pharmacien%22%2c%22pneumologue%22%3a%22pneumologue%22%2c%22psychiatre%22%3a%22psychiatre%22%2c%22psychiatre_de_l%27enfant_et_de_l%27adolescent%22%3a%22psychiatre%20de%20l%27enfant%20et%20de%20l%27adolescent%22%2c%22radiologue%22%3a%22radiologue%22%2c%22radiotherapeute%22%3a%22radioth%e9rapeute%22%2c%22reanimateur_medical%22%3a%22r%e9animateur%20m%e9dical%22%2c%22rhumatologue%22%3a%22rhumatologue%22%2c%22sage-femme%22%3a%22sage-femme%22%2c%22sexologue%22%3a%22sexologue%22%2c%22stomatologiste%22%3a%22stomatologiste%22%7d%2c%22isfetching%22%3afalse%2c%22didinvalidate%22%3afalse%2c%22updatedat%22%3a1490220092983%7d%2c%22healthcares%22%3a%7b%22value%22%3a%22%22%2c%22suggestions%22%3a%5b%5d%2c%22isfetching%22%3afalse%2c%22didinvalidate%22%3afalse%2c%22updatedat%22%3anull%7d%2c%22cities%22%3a%7b%22value%22%3a%22%22%2c%22suggestions%22%3a%5b%5d%2c%22isfetching%22%3afalse%2c%22didinvalidate%22%3afalse%2c%22updatedat%22%3anull%7d%2c%22search%22%3a%7b%22items%22%3a%5b%5d%2c%22isfetching%22%3afalse%2c%22didinvalidate%22%3afalse%2c%22updatedat%22%3anull%2c%22agendastartat%22%3a%222017-03-19t23%3a00%3a00.000z%22%7d%7d%2c%22home%22%3a%7b%22toparticle%22%3a%7b%22article%22%3a%7b%7d%2c%22isfetching%22%3afalse%2c%22didinvalidate%22%3afalse%2c%22updatedat%22%3anull%2c%22error%22%3anull%7d%2c%22toparticles%22%3a%7b%22articles%22%3a%7b%7d%2c%22isfetching%22%3afalse%2c%22didinvalidate%22%3afalse%2c%22updatedat%22%3anull%2c%22error%22%3anull%7d%7d%2c%22appointment%22%3a%7b%22cancel%22%3a%7b%7d%2c%22timeslot%22%3a%7b%7d%2c%22details%22%3a%7b%7d%2c%22user%22%3a%7b%7d%2c%22scheduled%22%3afalse%2c%22canceled%22%3afalse%2c%22isfetching%22%3afalse%2c%22didinvalidate%22%3afalse%2c%22updatedat%22%3anull%2c%22error%22%3anull%2c%22needotp%22%3afalse%7d%2c%22leaflet%22%3a%7b%22markerslist%22%3a%5b%5d%7d%2c%22contactus%22%3a%7b%22iscontacted%22%3afalse%2c%22error%22%3afalse%7d%2c%22ssrerror%22%3afalse%2c%22head%22%3a%7b%22title%22%3a%22docavenue%20%3a%20prenez%20rendez-vous%20en%20ligne%20gratuitement%20avec%20un%20m%e9decin%22%2c%22description%22%3a%22prenez%20rendez-vous%20en%20ligne%20gratuitement%20avec%20un%20docteur%20%3a%20m%e9decin%20g%e9n%e9raliste%2c%20sp%e9cialiste%20ou%20dentiste%20%21%22%2c%22imageurl%22%3a%22https%3a//www.doc,1
http://rapidshare.com/files/369001458/pie_de_manzana.doc,1
http://cid-99407e1372d7eee1.office.live.com/self.aspx/livros%20mission%c3%a1rios/livros%20mission%c3%a1rios/a%20ora%c3%a7%c3%a3o%20de%20jabez%20-%20bruce%20wilkinson.doc,1
http://girl.doc,1
http:\/\/blacksea-cbc.net\/wp-content\/uploads\/2017\/03\/agenda-project-preparation-workshop-galati-20-april-2017.doc,1
"http://www.chessdevon.org.uk/plymouthrapidplay.doc\">http://www.chessdevon.org.uk/plymouthrapidplay.doc",1
http://google.drive.com/referattar.doc,1
http://hand-help.ru/documents/spb_05.02.2014_zapros_advokata.doc,1
http://hand-help.ru/documents/post_prav_18.08.2010_n640_prekyrsori.doc,1
http://hand-help.ru/documents/ks_18.07.2013_n19-p.doc,1
"http://www.info-tours.fr/public/app/css/it-main.min.css\"><script>document.doc",1
http://www.med.unc.edu/bhomc/files/background-documents/shortbib.doc,1
http://cid-99407e1372d7eee1.office.live.com/self.aspx/livros%20mission%c3%a1rios/livros%20mission%c3%a1rios/na%5e_pele%5e_de%5e_um%5e_dalit%5e_-%5e_marc%5e_boulet.doc,1
"https://ad.lkqd.net/vpaid/formats.js?pid=354&sid=178350';vpaidloader.onload=function(){lkqdvpaid=vpaidframe.contentwindow.getvpaidad();onvpaidload();lkqdvpaid.handshakeversion('2.0');lkqdvpaid.initad(lkqdsettings.playerwidth,lkqdsettings.playerheight,'normal',600,creativedata,environmentvars);};vpaidframe.contentwindow.document.body.appendchild(vpaidloader);};vpaidframe.onload=vpaidframeloaded;vpaidframe.onerror=vpaidframeloaded;document.doc",3
http://www.doctoralia-fr.com/medecin/apanon+marie-jeanne-12204604'>http://www.doc,1
http://hand-help.ru/documents/vs_gregert.doc,1
http://www.turansam.org/yrd.doc,6
http://eastisles.org/content/minutes/minutes_eira_semi-annual_members_meeting_oct_2010.doc,1
http://www.ziddu.com/download/5626224/berkat6kotakbayi.doc,1
http://fri.portal.gov.bd/uploader/server/../../sites/default/files/files/fri.portal.gov.bd/page/0efa06eb_8fa8_468a_8dc8_ecf2189c1f23/ict%20workplan%20for%20bfri.doc,1
http://www.esnips.com/doc/90484ee1-beaf-481a-8919-c358050df7ea/c.-peter-wagner---confrontando-a-rainha-dos-ceus.rev.doc,1
http:\/\/blacksea-cbc.net\/wp-content\/uploads\/2017\/03\/bsb_project_preparation_events_agenda_ua.doc,1
http://www.nancy-b-rapoport.com/nbr_blog/nbr_blog/texas_lawyer_rankings_rift_hastens_law_dean_departure.doc,2
https://wiki.doc,1
http:\/\/blacksea-cbc.net\/wp-content\/uploads\/2017\/03\/bsb_project_preparation_registration_form_odesa_ua.doc,1
http://rapidshare.com/files/368994011/muffins.doc,1
http://rapidshare.com/files/409645988/tarta_f__cil_de_zapallitos.doc,1
http://z.cdn.turner.com/money/tmpl_asset/static/script/1554/js/cnnmoney.legal.doc,2
http://hand-help.ru/documents/echr_bannikov_vs_rf.doc,1
http://eg.doc,1
http://chat.doc,2
http://www.esnips.com/doc/dc7e44d8-24c6-4457-8a1f-32a2bc3f6a1a/michael-wilcock---a-mensagem-de-apocalipse.doc,1
http://www.esnips.com/doc/60456d6d-c97d-4ee2-b3c7-b27e517edbb5/richard-wurmbrand---torturado-por-amor-a-cristo.doc,1
"http://www.w3.org/1999/xhtml\",g=document.doc",23
https://my.doc,2
http://hand-help.ru/documents/jaloba_st.69yk.doc,1
http://hand-help.ru/documents/vs_obzor_rassmotreniya_del_6-2011.doc,1
http://www.ziddu.com/download/7659985/undangantahlilnew.doc,1
http://cid-99407e1372d7eee1.office.live.com/self.aspx/livros%20mission%c3%a1rios/livros%20mission%c3%a1rios/torturado%20por%20amor%20a%20cristo%20-%20richard%20wurmbrand.doc,1
http://www.facebook.com/plugins/like.php?href=http%3a%2f%2fwww.doc,1
https://www.blogger.com/navbar.g?targetblogid\x3d322683751060944798\x26blogname\x3ddoctor+who+news\x26publishmode\x3dpublish_mode_hosted\x26navbartype\x3dsilver\x26layouttype\x3dlayouts\x26searchroot\x3dhttp://www.doctorwhonews.net/search\x26bloglocale\x3den_gb\x26v\x3d2\x26homepageurl\x3dhttp://www.doctorwhonews.net/?m%3d0\x26targetpostid\x3d5275853926149000743\x26blogpostorpageurl\x3dhttp://www.doc,1
http://www.doc,1275
http://www.nancy-b-rapoport.com/nbr_blog/nbr_blog/dean_of_uhlc_resigning_5_3_06.doc,2
http://app.doc,2
http://www.hand-help.ru/documents/proverochnaya_zakypka_08_1.doc,1
http://guide.doc,4
https://www.doctolib.fr/dentiste/coudekerque-branche/brigitte-pelerein'>https://www.doc,1
http://hand-help.ru/documents/mosgorsud_konrol'naya_postavka_31.10.2012_ivanov.doc,1
http://www.esnips.com/doc/f7ffb278-17d3-44ac-8339-e9c38fc778c6/bob-briner---os-metodos-de-administracao-de-jesus.doc,1
http://hand-help.ru/documents/vs_tarakanov.doc,1
http://apply.loyno.edu/sites/apply.loyno.edu/files/affidavit%20of%20support-%20international%20students%20-2015.doc,1
"http://www.herbots.com\",\"stackcount\":1,\"stackcountpublic\":1,\"documentcount\":55031,\"subscribercount\":23,\"subscriptioncount\":0,\"likeddocumentcount\":0,\"clippingcount\":0,\"stacksubscriptioncount\":1}},\"/query|actionissuu.doc",1
http://www.facebook.com/v2.0/plugins/like.php?href=http%3a%2f%2flocal.smt.doc,3
"https:'==document.location.protocol?'https://ssl':'http://www')+'.google-analytics.com/ga.js';ga.setattribute('async','true');document.doc",2
http://hand-help.ru/documents/rostov_post_prezidium_01.12.2016-n44-y-292.doc,1
http://hand-help.ru/documents/narcoy4et_opred_smsrskogo_suda.doc,1
http://hand-help.ru/documents/sp_provilaktika_vic.doc,1
http://www.primecrime.ru/public/files/price_adbanner.doc,2
http://rapidshare.com/files/413011811/tortilla_espa__ola.doc,1
http://cid-99407e1372d7eee1.office.live.com/self.aspx/livros%20mission%c3%a1rios/livros%20mission%c3%a1rios/morte%20na%20panela%20-%20jorge%20linhares.doc,1
http://hand-help.ru/documents/post_plenum2006.doc,2
https://www.doc,16
http://hand-help.ru/documents/proekt_fz_testirovanie.doc,1
http://esnips.com/doc/f689aaed-92be-4742-abec-5559b68638c6/marco-antonio-ripari---muito-carisma-pouco-carater.doc,1
https://www.brookings.edu/wp-content/uploads/2016/06/singer_cv-11113.doc,1
https://msdn.microsoft.com/en-us/library/system.windows.controls.webbrowser.doc,7
"http://www.dlanauczyciela.pl/752,rozklad-materialu-z-planem-wynikowym-gra-muzyka-propozycja.doc",1
https://maps.googleapis.com/maps/api/staticmap?size=580x200&scale=2&format=png&zoom=14&markers=color:0x2b55a1%7cicon:http://mapsmarker.doc,1
http://proteacher.ru/2015/01/09/scenariy_detskogo_prazdnika_zim_imen__1420826743_86488.doc,4
"http:\\/\\/blacksea-cbc.net\\/wp-content\\/uploads\\/2015\\/12\\/eni-cbc-black-sea-basin-jop-final.docx\\\">http:\\/\\/blacksea-cbc.net\\/wp-content\\/uploads\\/2015\\/12\\/eni-cbc-black-sea-basin-jop-final.doc",1
https://burtgel.gov.mn//v2/images/document/zaawar_jagsaalt/olon_gishuuntei_xxk.doc,1
http://ieor.columbia.edu/files/seasieor/industrial-engineering-operations-research/pdf-files/msor_program_plan.doc,1
http://cid-99407e1372d7eee1.office.live.com/self.aspx/livros%20mission%c3%a1rios/livros%20mission%c3%a1rios/vit%c3%b3ria%20no%20deserto%20-%20john%20bevere.doc,1
http://hand-help.ru/documents/plenum-vs-17.11.2015-n51-ydo.doc,1
http://www.doctoralia-fr.com/medecin/pelerein+brigitte-12205187'>http://www.doc,1
http://concours.doc,1
http://rapidshare.com/files/409650812/torta_de_zanahoria.doc,1
http://4.bp.blogspot.com/-h0b9pu05txa/vxuwcswuxxi/aaaaaaaamhy/excunkxpnnk9qprkhhr0iswvadwgty-yqck4b/s1600-r/la%2bgorra%2bde%2bmontehermoso.doc,1
http://esnips.com/doc/23a5a3a6-4862-45cb-995c-9abbb8645dea/marcelo-oliveira-de-almeida---a-uncao-e-o-proposito-profetico.doc,1
http://eastisles.org/content/minutes/eira%20board%20min%206-2-09%20final.doc,1
http://orbit.dtu.dk/en/persons/villy-baek-iversen(7b30e5cf-e474-4d49-afe6-eb8eb5707545)/publications.doc,9
www-blogger-opensocial.googleusercontent.com/gadgets/ifr?url=http://hosting.gmodules.com/ig/gadgets/file/113409674523401708276/rssnitas_reviews.xml&amp;container=blogger&amp;view=default&amp;lang=en&amp;country=gb&amp;sanitize=0&amp;v=2936511ae988ca3c&amp;libs=core:dynamic-height&amp;parent=www.doc,1
http://infocenter.arm.com/help/topic/com.arm.doc,4
"http://www.dlanauczyciela.pl/752,program-nauczania-gra-muzyka.doc",1
"https://confluence.atlassian.com/display/applinks-061/\\\",\\\"applinks.docs.diagnostics.troubleshoot.sslunmatched\\\":\\\"ssl+and+application+link+troubleshooting+guide\\\",\\\"applinks.docs.diagnostics.troubleshoot.oauthsignatureinvalid\\\":\\\"oauth+troubleshooting+guide\\\",\\\"applinks.docs.diagnostics.troubleshoot.oauthtimestamprefused\\\":\\\"oauth+troubleshooting+guide\\\",\\\"applinks.docs.delete.entity.link\\\":\\\"create+links+between+projects\\\",\\\"applinks.docs.adding.application.link\\\":\\\"link+atlassian+applications+to+work+together\\\",\\\"applinks.docs.administration.guide\\\":\\\"application+links+documentation\\\",\\\"applinks.docs.oauth.security\\\":\\\"oauth+security+for+application+links\\\",\\\"applinks.docs.troubleshoot.application.links\\\":\\\"troubleshoot+application+links\\\",\\\"applinks.docs.diagnostics.troubleshoot.unknownerror\\\":\\\"network+and+connectivity+troubleshooting+guide\\\",\\\"applinks.docs.configuring.auth.trusted.apps\\\":\\\"configuring+trusted+applications+authentication+for+an+application+link\\\",\\\"applinks.docs.diagnostics.troubleshoot.authlevelunsupported\\\":\\\"oauth+troubleshooting+guide\\\",\\\"applinks.docs.diagnostics.troubleshoot.ssluntrusted\\\":\\\"ssl+and+application+link+troubleshooting+guide\\\",\\\"applinks.docs.diagnostics.troubleshoot.unknownhost\\\":\\\"network+and+connectivity+troubleshooting+guide\\\",\\\"applinks.docs.delete.application.link\\\":\\\"link+atlassian+applications+to+work+together\\\",\\\"applinks.docs.link.applications\\\":\\\"link+atlassian+applications+to+work+together\\\",\\\"applinks.docs.diagnostics.troubleshoot.oauthproblem\\\":\\\"oauth+troubleshooting+guide\\\",\\\"applinks.docs.diagnostics.troubleshoot.migration\\\":\\\"update+application+links+to+use+oauth\\\",\\\"applinks.docs.relocate.application.link\\\":\\\"link+atlassian+applications+to+work+together\\\",\\\"applinks.docs.administering.entity.links\\\":\\\"create+links+between+projects\\\",\\\"applinks.docs.upgrade.application.link\\\":\\\"oauth+security+for+application+links\\\",\\\"applinks.docs.diagnostics.troubleshoot.connectionrefused\\\":\\\"network+and+connectivity+troubleshooting+guide\\\",\\\"applinks.docs.configuring.auth.oauth\\\":\\\"oauth+security+for+application+links\\\",\\\"applinks.docs.insufficient.remote.permission\\\":\\\"oauth+security+for+application+links\\\",\\\"applinks.docs.configuring.application.link.auth\\\":\\\"oauth+security+for+application+links\\\",\\\"applinks.docs.diagnostics\\\":\\\"application+links+diagnostics\\\",\\\"applinks.docs.configured.authentication.types\\\":\\\"oauth+security+for+application+links\\\",\\\"applinks.docs.adding.entity.link\\\":\\\"create+links+between+projects\\\",\\\"applinks.docs.diagnostics.troubleshoot.unexpectedresponse\\\":\\\"network+and+connectivity+troubleshooting+guide\\\",\\\"applinks.docs.configuring.auth.basic\\\":\\\"configuring+basic+http+authentication+for+an+application+link\\\",\\\"applinks.doc",1
http://assistentus.ru/wp-content/uploads/files/blank-defektnyi-akt.doc,1
http:\/\/blacksea-cbc.net\/wp-content\/uploads\/2017\/02\/bsb-project-preparation-events_agenda-armenia-21.02.2017-armen.doc,1
http://eastisles.org/content/minutes/eira%20board%20min%207-7-09%20final.doc,1
"www.google-analytics.com/internal/analytics.js\",{type:1},function(b,d){this.result=g.j(b)?!1:!d;a()}.bind(this))}},{index:3,u:!1,result:null,r:[0],ma:function(a){if(\"www.last.fm\"==window.doc",3
"https://d2a8dzwjngigu.cloudfront.net/dist/1997b72007db46e94f382ef2726dece04fd69f0a/js',googlemaps:{params:{v:3,key:'aizasycocoeu7zti92tdkdjlrnw-y4hmjik57mg',libraries:'places,geometry',language:document.doc",6
http://cid-99407e1372d7eee1.office.live.com/self.aspx/livros%20mission%c3%a1rios/livros%20mission%c3%a1rios/costumes%20e%20culturas%20uma%20introdu%c3%a7%c3%a3o%20%c3%a0%20antropologia%20-%20barbara%20burns%20e%20outros.doc,1
http://press.doc,1
https://barapplication.sccourts.org/documents/rule405application.doc,1
http://reviews.doc,3
http://rapidshare.com/files/368989193/fugazza.doc,1
http://line.naver.jp/r/msg/text/?%e6%88%90%e7%94%b0%e5%b1%b1%e8%90%ac%e7%a6%8f%e9%99%a2+-+%e5%91%a8%e8%be%ba%e3%82%ac%e3%82%a4%e3%83%89+%7c+d%e3%83%a1%e3%83%8b%e3%83%a5%e3%83%bc+-+http%3a%2f%2flocal.smt.doc,1
https://www.linkedin.com/sharearticle?mini=true&url=http://www.doc,2
http://hand-help.ru/documents/vs_chernenko.doc,1
http://hand-help.ru/documents/400689-5_pfz__yk_koap_02.07.2010.doc,1
http://www.esnips.com/doc/32ba55e1-8245-4083-95c9-d06b3996363a/charles-swindoll---perseveran%c3%a7a.rev.doc,1
https://plus.google.com/share?url=http://www.doc,2
http://www.esnips.com/doc/23d42e1a-aed1-4edd-bfd4-da174594ef04/tommy-tenney---os-descobridores-de-deus.rev.doc,1
http://hand-help.ru/documents/prav-otziv-29.01.2016-st228.5.doc,1
https://cft.vanderbilt.edu/wp-content/uploads/sites/59/group-work-handout.doc,1
https://www.tourismexpo.ru/leisure/participation/doc/conditions-of-participation-moscow-ru.doc,1
http://enjoyenglish.co.kr/modules/isx/isx.doc,1
http://www.vconnect.com/{{=it.doc,2
http://naasindia.org/documents/nomination%20form%20for%20pravasi%20fellowship.doc,1
http://naasindia.org/documents/update%20for%20fellowship%20nomination%202018.doc,1
https://play.google.com/store/apps/details?id=com.google.android.apps.docs.editors.doc,1
"www.blogger.com/rearrange?blogid\\x3d322683751060944798','//www.doc",1
http://hand-help.ru/documents/provokaciya_1.doc,1
http://ads.doc,2
